{
    "total_runtime": 13.390137672424316,
    "num_documents": 17,
    "input_load_time": 0,
    "workflows": {
        "create_base_text_units": {
            "overall": 0.829150915145874,
            "0_create_base_text_units": 0.8263068199157715
        },
        "create_final_documents": {
            "overall": 0.012413978576660156,
            "0_create_final_documents": 0.010425090789794922
        },
        "create_base_entity_graph": {
            "overall": 9.169966697692871,
            "0_create_base_entity_graph": 9.16749095916748
        },
        "create_final_entities": {
            "overall": 0.11440420150756836,
            "0_create_final_entities": 0.11133074760437012
        },
        "create_final_nodes": {
            "overall": 0.6903736591339111,
            "0_create_final_nodes": 0.6869204044342041
        },
        "create_final_communities": {
            "overall": 0.2604069709777832,
            "0_create_final_communities": 0.2565469741821289
        },
        "create_final_relationships": {
            "overall": 0.1256237030029297,
            "0_create_final_relationships": 0.12090778350830078
        },
        "create_final_text_units": {
            "overall": 0.029141664505004883,
            "0_create_final_text_units": 0.024448156356811523
        },
        "create_final_community_reports": {
            "overall": 0.6004021167755127,
            "0_create_final_community_reports": 0.5951778888702393
        }
    }
}