{
    "total_runtime": 4.163601398468018,
    "num_documents": 4,
    "input_load_time": 0,
    "workflows": {
        "create_base_text_units": {
            "overall": 0.2551884651184082,
            "0_orderby": 0.0028696060180664062,
            "1_zip": 0.004065513610839844,
            "2_aggregate_override": 0.005846500396728516,
            "3_chunk": 0.1945962905883789,
            "4_select": 0.0038073062896728516,
            "5_unroll": 0.005095481872558594,
            "6_rename": 0.004216909408569336,
            "7_genid": 0.005723714828491211,
            "8_unzip": 0.005193948745727539,
            "9_copy": 0.004909992218017578,
            "10_filter": 0.01642131805419922
        },
        "create_base_extracted_entities": {
            "overall": 0.10989618301391602,
            "0_entity_extract": 0.07855987548828125,
            "1_merge_graphs": 0.026264667510986328
        },
        "create_summarized_entities": {
            "overall": 0.07847476005554199,
            "0_summarize_descriptions": 0.0728447437286377
        },
        "create_base_entity_graph": {
            "overall": 0.061716556549072266,
            "0_cluster_graph": 0.04756450653076172,
            "1_select": 0.007494688034057617
        },
        "create_final_entities": {
            "overall": 0.2510213851928711,
            "0_unpack_graph": 0.01969456672668457,
            "1_rename": 0.00748443603515625,
            "2_select": 0.009008169174194336,
            "3_dedupe": 0.00903177261352539,
            "4_rename": 0.008893966674804688,
            "5_filter": 0.022756099700927734,
            "6_text_split": 0.011657238006591797,
            "7_drop": 0.012834310531616211,
            "8_merge": 0.02782416343688965,
            "9_text_embed": 0.0791635513305664,
            "10_drop": 0.011290311813354492,
            "11_filter": 0.024349689483642578
        },
        "create_final_nodes": {
            "overall": 0.25484752655029297,
            "0_layout_graph": 0.055177927017211914,
            "1_unpack_graph": 0.025818824768066406,
            "2_unpack_graph": 0.024066925048828125,
            "3_drop": 0.01179051399230957,
            "4_filter": 0.02773904800415039,
            "5_select": 0.012650728225708008,
            "6_rename": 0.013294696807861328,
            "7_convert": 0.04108786582946777,
            "8_join": 0.019290924072265625,
            "9_rename": 0.013522863388061523
        },
        "create_final_communities": {
            "overall": 0.061478614807128906,
            "0_create_final_communities": 0.0488126277923584
        },
        "create_final_relationships": {
            "overall": 0.06102418899536133,
            "0_create_final_relationships_pre_embedding": 0.028118371963500977,
            "1_create_final_relationships_post_embedding": 0.01958918571472168
        },
        "create_final_text_units": {
            "overall": 0.0616450309753418,
            "0_create_final_text_units_pre_embedding": 0.030149459838867188,
            "1_select": 0.016132593154907227
        },
        "create_final_community_reports": {
            "overall": 0.3125755786895752,
            "0_prepare_community_reports_nodes": 0.018950223922729492,
            "1_prepare_community_reports_edges": 0.024898052215576172,
            "2_restore_community_hierarchy": 0.03343629837036133,
            "3_prepare_community_reports": 0.15263032913208008,
            "4_create_community_reports": 0.050151824951171875,
            "5_window": 0.017297029495239258
        },
        "create_base_documents": {
            "overall": 0.25199103355407715,
            "0_unroll": 0.018517255783081055,
            "1_select": 0.021517038345336914,
            "2_rename": 0.03009510040283203,
            "3_join": 0.03692340850830078,
            "4_aggregate_override": 0.026464223861694336,
            "5_join": 0.023094892501831055,
            "6_rename": 0.01945209503173828,
            "7_convert": 0.05922818183898926
        },
        "create_final_documents": {
            "overall": 0.03839111328125,
            "0_rename": 0.019636869430541992
        }
    }
}