{
    "total_runtime": 6.283580780029297,
    "num_documents": 5,
    "input_load_time": 0,
    "workflows": {
        "create_base_text_units": {
            "overall": 0.959470272064209,
            "0_orderby": 0.017591238021850586,
            "1_zip": 0.003690958023071289,
            "2_aggregate_override": 0.009292840957641602,
            "3_chunk": 0.8546249866485596,
            "4_select": 0.012775182723999023,
            "5_unroll": 0.011377096176147461,
            "6_rename": 0.004837989807128906,
            "7_genid": 0.006281614303588867,
            "8_unzip": 0.005181550979614258,
            "9_copy": 0.006442070007324219,
            "10_filter": 0.0234377384185791
        },
        "create_base_extracted_entities": {
            "overall": 0.26773953437805176,
            "0_entity_extract": 0.23668503761291504,
            "1_merge_graphs": 0.02604985237121582
        },
        "create_summarized_entities": {
            "overall": 0.08566522598266602,
            "0_summarize_descriptions": 0.07930111885070801
        },
        "create_base_entity_graph": {
            "overall": 0.07272553443908691,
            "0_cluster_graph": 0.05839109420776367,
            "1_select": 0.00805211067199707
        },
        "create_final_entities": {
            "overall": 0.27994275093078613,
            "0_unpack_graph": 0.025043487548828125,
            "1_rename": 0.007927894592285156,
            "2_select": 0.010004758834838867,
            "3_dedupe": 0.011278867721557617,
            "4_rename": 0.010019540786743164,
            "5_filter": 0.0246431827545166,
            "6_text_split": 0.013628959655761719,
            "7_drop": 0.011803388595581055,
            "8_merge": 0.02992105484008789,
            "9_text_embed": 0.08981585502624512,
            "10_drop": 0.01095438003540039,
            "11_filter": 0.027744770050048828
        },
        "create_final_nodes": {
            "overall": 0.32175612449645996,
            "0_layout_graph": 0.0782022476196289,
            "1_unpack_graph": 0.03169655799865723,
            "2_unpack_graph": 0.0314328670501709,
            "3_filter": 0.03255510330200195,
            "4_drop": 0.013053178787231445,
            "5_select": 0.014334678649902344,
            "6_rename": 0.014229059219360352,
            "7_join": 0.033437252044677734,
            "8_convert": 0.04594564437866211,
            "9_rename": 0.01587700843811035
        },
        "create_final_communities": {
            "overall": 0.07554435729980469,
            "0_create_final_communities": 0.06190896034240723
        },
        "create_final_relationships": {
            "overall": 0.06189370155334473,
            "0_create_final_relationships_pre_embedding": 0.028450965881347656,
            "1_create_final_relationships_post_embedding": 0.020076751708984375
        },
        "create_final_text_units": {
            "overall": 0.07202291488647461,
            "0_create_final_text_units_pre_embedding": 0.04020953178405762,
            "1_select": 0.01773977279663086
        },
        "create_final_community_reports": {
            "overall": 0.8371732234954834,
            "0_prepare_community_reports_nodes": 0.018718242645263672,
            "1_prepare_community_reports_edges": 0.02868342399597168,
            "2_restore_community_hierarchy": 0.03357362747192383,
            "3_prepare_community_reports": 0.14648985862731934,
            "4_create_community_reports": 0.5770161151885986,
            "5_window": 0.01768350601196289
        },
        "create_base_documents": {
            "overall": 0.27234816551208496,
            "0_unroll": 0.021637439727783203,
            "1_select": 0.0198516845703125,
            "2_rename": 0.018649578094482422,
            "3_join": 0.02728438377380371,
            "4_aggregate_override": 0.022951126098632812,
            "5_join": 0.052457571029663086,
            "6_rename": 0.019637346267700195,
            "7_convert": 0.0725090503692627
        },
        "create_final_documents": {
            "overall": 0.039437294006347656,
            "0_rename": 0.02003192901611328
        }
    }
}